test_0000.txt,1
test_0001.txt,0
test_0002.txt,1
test_0003.txt,0
test_0004.txt,0
test_0005.txt,0
test_0006.txt,1
test_0007.txt,0
test_0008.txt,0
test_0009.txt,1
test_0010.txt,1
test_0011.txt,0
test_0012.txt,0
test_0013.txt,0
test_0014.txt,0
test_0015.txt,0
test_0016.txt,0
test_0017.txt,0
test_0018.txt,0
test_0019.txt,0
test_0020.txt,0
test_0021.txt,0
test_0022.txt,0
test_0023.txt,1
test_0024.txt,0
test_0025.txt,0
test_0026.txt,1
test_0027.txt,0
test_0028.txt,0
test_0029.txt,0
test_0030.txt,1
test_0031.txt,0
test_0032.txt,1
test_0033.txt,0
test_0034.txt,1
test_0035.txt,0
test_0036.txt,0
test_0037.txt,0
test_0038.txt,0
test_0039.txt,1
test_0040.txt,0
test_0041.txt,0
test_0042.txt,1
test_0043.txt,0
test_0044.txt,0
test_0045.txt,0
test_0046.txt,0
test_0047.txt,0
test_0048.txt,0
test_0049.txt,0
test_0050.txt,0
test_0051.txt,1
test_0052.txt,0
test_0053.txt,0
test_0054.txt,1
test_0055.txt,1
test_0056.txt,0
test_0057.txt,0
test_0058.txt,0
test_0059.txt,0
test_0060.txt,0
test_0061.txt,0
test_0062.txt,0
test_0063.txt,0
test_0064.txt,1
test_0065.txt,0
test_0066.txt,0
test_0067.txt,0
test_0068.txt,0
test_0069.txt,0
test_0070.txt,0
test_0071.txt,0
test_0072.txt,1
test_0073.txt,0
test_0074.txt,0
test_0075.txt,1
test_0076.txt,1
test_0077.txt,0
test_0078.txt,0
test_0079.txt,0
test_0080.txt,0
test_0081.txt,1
test_0082.txt,0
test_0083.txt,0
test_0084.txt,1
test_0085.txt,0
test_0086.txt,0
test_0087.txt,1
test_0088.txt,0
test_0089.txt,0
test_0090.txt,1
test_0091.txt,0
test_0092.txt,1
test_0093.txt,0
test_0094.txt,0
test_0095.txt,0
test_0096.txt,1
test_0097.txt,0
test_0098.txt,0
test_0099.txt,0
test_0100.txt,0
test_0101.txt,0
test_0102.txt,1
test_0103.txt,0
test_0104.txt,0
test_0105.txt,0
test_0106.txt,0
test_0107.txt,0
test_0108.txt,1
test_0109.txt,0
test_0110.txt,1
test_0111.txt,0
test_0112.txt,1
test_0113.txt,0
test_0114.txt,0
test_0115.txt,0
test_0116.txt,0
test_0117.txt,0
test_0118.txt,1
test_0119.txt,0
test_0120.txt,0
test_0121.txt,0
test_0122.txt,0
test_0123.txt,0
test_0124.txt,1
test_0125.txt,0
test_0126.txt,0
test_0127.txt,0
test_0128.txt,0
test_0129.txt,0
test_0130.txt,1
test_0131.txt,0
test_0132.txt,0
test_0133.txt,0
test_0134.txt,0
test_0135.txt,0
test_0136.txt,0
test_0137.txt,1
test_0138.txt,1
test_0139.txt,1
test_0140.txt,1
test_0141.txt,0
test_0142.txt,1
test_0143.txt,0
test_0144.txt,0
test_0145.txt,1
test_0146.txt,0
test_0147.txt,0
test_0148.txt,0
test_0149.txt,0
test_0150.txt,0
test_0151.txt,0
test_0152.txt,0
test_0153.txt,0
test_0154.txt,0
test_0155.txt,0
test_0156.txt,0
test_0157.txt,0
test_0158.txt,0
test_0159.txt,0
test_0160.txt,0
test_0161.txt,0
test_0162.txt,0
test_0163.txt,1
test_0164.txt,1
test_0165.txt,0
test_0166.txt,1
test_0167.txt,0
test_0168.txt,0
test_0169.txt,0
test_0170.txt,1
test_0171.txt,0
test_0172.txt,1
test_0173.txt,0
test_0174.txt,0
test_0175.txt,0
test_0176.txt,0
test_0177.txt,1
test_0178.txt,1
test_0179.txt,0
test_0180.txt,0
test_0181.txt,0
test_0182.txt,0
test_0183.txt,0
test_0184.txt,0
test_0185.txt,0
test_0186.txt,1
test_0187.txt,0
test_0188.txt,0
test_0189.txt,0
test_0190.txt,0
test_0191.txt,1
test_0192.txt,0
test_0193.txt,0
test_0194.txt,1
test_0195.txt,1
test_0196.txt,0
test_0197.txt,1
test_0198.txt,1
test_0199.txt,0
test_0200.txt,0
test_0201.txt,0
test_0202.txt,0
test_0203.txt,1
test_0204.txt,0
test_0205.txt,1
test_0206.txt,0
test_0207.txt,1
test_0208.txt,1
test_0209.txt,0
test_0210.txt,0
test_0211.txt,0
test_0212.txt,0
test_0213.txt,0
test_0214.txt,0
test_0215.txt,0
test_0216.txt,0
test_0217.txt,0
test_0218.txt,1
test_0219.txt,0
test_0220.txt,1
test_0221.txt,1
test_0222.txt,0
test_0223.txt,0
test_0224.txt,0
test_0225.txt,1
test_0226.txt,1
test_0227.txt,1
test_0228.txt,0
test_0229.txt,0
test_0230.txt,0
test_0231.txt,1
test_0232.txt,1
test_0233.txt,0
test_0234.txt,0
test_0235.txt,0
test_0236.txt,0
test_0237.txt,1
test_0238.txt,1
test_0239.txt,0
test_0240.txt,1
test_0241.txt,0
test_0242.txt,0
test_0243.txt,0
test_0244.txt,0
test_0245.txt,0
test_0246.txt,0
test_0247.txt,0
test_0248.txt,0
test_0249.txt,1
test_0250.txt,0
test_0251.txt,0
test_0252.txt,0
test_0253.txt,0
test_0254.txt,0
test_0255.txt,0
test_0256.txt,1
test_0257.txt,0
test_0258.txt,0
test_0259.txt,0
test_0260.txt,0
test_0261.txt,1
test_0262.txt,0
test_0263.txt,0
test_0264.txt,0
test_0265.txt,0
test_0266.txt,0
test_0267.txt,0
test_0268.txt,1
test_0269.txt,0
test_0270.txt,0
test_0271.txt,0
test_0272.txt,0
test_0273.txt,0
test_0274.txt,0
test_0275.txt,0
test_0276.txt,0
test_0277.txt,1
test_0278.txt,0
test_0279.txt,1
test_0280.txt,0
test_0281.txt,1
test_0282.txt,0
test_0283.txt,1
test_0284.txt,0
test_0285.txt,0
test_0286.txt,0
test_0287.txt,0
test_0288.txt,0
test_0289.txt,0
test_0290.txt,0
test_0291.txt,0
test_0292.txt,0
test_0293.txt,1
test_0294.txt,0
test_0295.txt,1
test_0296.txt,0
test_0297.txt,0
test_0298.txt,1
test_0299.txt,0
test_0300.txt,0
test_0301.txt,0
test_0302.txt,0
test_0303.txt,0
test_0304.txt,0
test_0305.txt,1
test_0306.txt,1
test_0307.txt,1
test_0308.txt,1
test_0309.txt,0
test_0310.txt,0
test_0311.txt,1
test_0312.txt,1
test_0313.txt,1
test_0314.txt,0
test_0315.txt,1
test_0316.txt,0
test_0317.txt,0
test_0318.txt,0
test_0319.txt,0
test_0320.txt,1
test_0321.txt,0
test_0322.txt,0
test_0323.txt,1
test_0324.txt,0
test_0325.txt,0
test_0326.txt,0
test_0327.txt,0
test_0328.txt,1
test_0329.txt,0
test_0330.txt,0
test_0331.txt,0
test_0332.txt,0
test_0333.txt,0
test_0334.txt,0
test_0335.txt,0
test_0336.txt,1
test_0337.txt,0
test_0338.txt,0
test_0339.txt,1
test_0340.txt,0
test_0341.txt,1
test_0342.txt,0
test_0343.txt,0
test_0344.txt,0
test_0345.txt,1
test_0346.txt,0
test_0347.txt,0
test_0348.txt,1
test_0349.txt,0
test_0350.txt,0
test_0351.txt,0
test_0352.txt,0
test_0353.txt,0
test_0354.txt,0
test_0355.txt,1
test_0356.txt,0
test_0357.txt,0
test_0358.txt,0
test_0359.txt,0
test_0360.txt,1
test_0361.txt,1
test_0362.txt,0
test_0363.txt,0
test_0364.txt,0
test_0365.txt,0
test_0366.txt,0
test_0367.txt,0
test_0368.txt,0
test_0369.txt,0
test_0370.txt,0
test_0371.txt,1
test_0372.txt,0
test_0373.txt,0
test_0374.txt,0
test_0375.txt,0
test_0376.txt,0
test_0377.txt,1
test_0378.txt,0
test_0379.txt,0
test_0380.txt,1
test_0381.txt,1
test_0382.txt,1
test_0383.txt,1
test_0384.txt,0
test_0385.txt,0
test_0386.txt,0
test_0387.txt,0
test_0388.txt,0
test_0389.txt,1
test_0390.txt,0
test_0391.txt,0
test_0392.txt,0
test_0393.txt,0
test_0394.txt,1
test_0395.txt,0
test_0396.txt,0
test_0397.txt,0
test_0398.txt,0
test_0399.txt,0
test_0400.txt,0
test_0401.txt,1
test_0402.txt,1
test_0403.txt,0
test_0404.txt,0
test_0405.txt,1
test_0406.txt,1
test_0407.txt,0
test_0408.txt,0
test_0409.txt,1
test_0410.txt,0
test_0411.txt,0
test_0412.txt,0
test_0413.txt,0
test_0414.txt,0
test_0415.txt,1
test_0416.txt,0
test_0417.txt,1
test_0418.txt,0
test_0419.txt,0
test_0420.txt,0
test_0421.txt,1
test_0422.txt,0
test_0423.txt,0
test_0424.txt,1
test_0425.txt,0
test_0426.txt,0
test_0427.txt,0
test_0428.txt,0
test_0429.txt,0
test_0430.txt,1
test_0431.txt,0
test_0432.txt,0
test_0433.txt,1
test_0434.txt,1
test_0435.txt,0
test_0436.txt,0
test_0437.txt,0
test_0438.txt,0
test_0439.txt,0
test_0440.txt,0
test_0441.txt,1
test_0442.txt,0
test_0443.txt,0
test_0444.txt,0
test_0445.txt,0
test_0446.txt,0
test_0447.txt,0
test_0448.txt,0
test_0449.txt,0
test_0450.txt,0
test_0451.txt,0
test_0452.txt,0
test_0453.txt,0
test_0454.txt,0
test_0455.txt,1
test_0456.txt,0
test_0457.txt,0
test_0458.txt,1
test_0459.txt,0
test_0460.txt,0
test_0461.txt,0
test_0462.txt,0
test_0463.txt,1
test_0464.txt,0
test_0465.txt,1
test_0466.txt,0
test_0467.txt,1
test_0468.txt,0
test_0469.txt,0
test_0470.txt,0
test_0471.txt,0
test_0472.txt,1
test_0473.txt,0
test_0474.txt,0
test_0475.txt,1
test_0476.txt,0
test_0477.txt,0
test_0478.txt,1
test_0479.txt,1
test_0480.txt,0
test_0481.txt,1
test_0482.txt,0
test_0483.txt,0
test_0484.txt,0
test_0485.txt,0
test_0486.txt,0
test_0487.txt,1
test_0488.txt,0
test_0489.txt,0
test_0490.txt,0
test_0491.txt,0
test_0492.txt,1
test_0493.txt,0
test_0494.txt,1
test_0495.txt,1
test_0496.txt,1
test_0497.txt,0
test_0498.txt,0
test_0499.txt,0
test_0500.txt,0
test_0501.txt,1
test_0502.txt,0
test_0503.txt,0
test_0504.txt,0
test_0505.txt,0
test_0506.txt,1
test_0507.txt,0
test_0508.txt,1
test_0509.txt,0
test_0510.txt,0
test_0511.txt,0
test_0512.txt,0
test_0513.txt,0
test_0514.txt,0
test_0515.txt,1
test_0516.txt,1
test_0517.txt,0
test_0518.txt,0
test_0519.txt,0
test_0520.txt,0
test_0521.txt,1
test_0522.txt,0
test_0523.txt,0
test_0524.txt,0
test_0525.txt,1
test_0526.txt,0
test_0527.txt,1
test_0528.txt,0
test_0529.txt,1
test_0530.txt,0
test_0531.txt,0
test_0532.txt,0
test_0533.txt,0
test_0534.txt,0
test_0535.txt,0
test_0536.txt,0
test_0537.txt,0
test_0538.txt,0
test_0539.txt,0
test_0540.txt,1
test_0541.txt,0
test_0542.txt,0
test_0543.txt,0
test_0544.txt,0
test_0545.txt,1
test_0546.txt,0
test_0547.txt,0
test_0548.txt,1
test_0549.txt,0
test_0550.txt,0
test_0551.txt,0
test_0552.txt,0
test_0553.txt,0
test_0554.txt,1
test_0555.txt,0
test_0556.txt,0
test_0557.txt,0
test_0558.txt,0
test_0559.txt,0
test_0560.txt,1
test_0561.txt,1
test_0562.txt,0
test_0563.txt,1
test_0564.txt,0
test_0565.txt,1
test_0566.txt,0
test_0567.txt,0
test_0568.txt,1
test_0569.txt,0
test_0570.txt,1
test_0571.txt,0
test_0572.txt,0
test_0573.txt,0
test_0574.txt,0
test_0575.txt,1
test_0576.txt,0
test_0577.txt,0
test_0578.txt,0
test_0579.txt,0
test_0580.txt,0
test_0581.txt,0
test_0582.txt,1
test_0583.txt,0
test_0584.txt,0
test_0585.txt,0
test_0586.txt,0
test_0587.txt,0
test_0588.txt,0
test_0589.txt,1
test_0590.txt,0
test_0591.txt,0
test_0592.txt,0
test_0593.txt,0
test_0594.txt,0
test_0595.txt,0
test_0596.txt,1
test_0597.txt,0
test_0598.txt,0
test_0599.txt,0
test_0600.txt,0
test_0601.txt,0
test_0602.txt,0
test_0603.txt,0
test_0604.txt,0
test_0605.txt,0
test_0606.txt,0
test_0607.txt,0
test_0608.txt,1
test_0609.txt,0
test_0610.txt,1
test_0611.txt,0
test_0612.txt,1
test_0613.txt,0
test_0614.txt,1
test_0615.txt,0
test_0616.txt,1
test_0617.txt,0
test_0618.txt,0
test_0619.txt,0
test_0620.txt,0
test_0621.txt,0
test_0622.txt,0
test_0623.txt,0
test_0624.txt,0
test_0625.txt,1
test_0626.txt,0
test_0627.txt,0
test_0628.txt,0
test_0629.txt,0
test_0630.txt,1
test_0631.txt,0
test_0632.txt,1
test_0633.txt,0
test_0634.txt,1
test_0635.txt,0
test_0636.txt,0
test_0637.txt,0
test_0638.txt,0
test_0639.txt,1
test_0640.txt,1
test_0641.txt,0
test_0642.txt,0
test_0643.txt,1
test_0644.txt,0
test_0645.txt,0
test_0646.txt,0
test_0647.txt,0
test_0648.txt,0
test_0649.txt,1
test_0650.txt,1
test_0651.txt,0
test_0652.txt,0
test_0653.txt,0
test_0654.txt,1
test_0655.txt,0
test_0656.txt,0
test_0657.txt,0
test_0658.txt,1
test_0659.txt,0
test_0660.txt,0
test_0661.txt,1
test_0662.txt,0
test_0663.txt,0
test_0664.txt,1
test_0665.txt,0
test_0666.txt,0
test_0667.txt,0
test_0668.txt,0
test_0669.txt,0
test_0670.txt,0
test_0671.txt,0
test_0672.txt,0
test_0673.txt,0
test_0674.txt,0
test_0675.txt,1
test_0676.txt,1
test_0677.txt,1
test_0678.txt,0
test_0679.txt,0
test_0680.txt,0
test_0681.txt,0
test_0682.txt,0
test_0683.txt,1
test_0684.txt,0
test_0685.txt,0
test_0686.txt,0
test_0687.txt,1
test_0688.txt,0
test_0689.txt,1
test_0690.txt,0
test_0691.txt,0
test_0692.txt,1
test_0693.txt,1
test_0694.txt,0
test_0695.txt,0
test_0696.txt,0
test_0697.txt,1
test_0698.txt,1
test_0699.txt,0
test_0700.txt,1
test_0701.txt,1
test_0702.txt,1
test_0703.txt,0
test_0704.txt,0
test_0705.txt,0
test_0706.txt,0
test_0707.txt,1
test_0708.txt,0
test_0709.txt,1
test_0710.txt,1
test_0711.txt,1
test_0712.txt,0
test_0713.txt,0
test_0714.txt,0
test_0715.txt,1
test_0716.txt,0
test_0717.txt,1
test_0718.txt,0
test_0719.txt,0
test_0720.txt,0
test_0721.txt,1
test_0722.txt,1
test_0723.txt,0
test_0724.txt,1
test_0725.txt,0
test_0726.txt,1
test_0727.txt,0
test_0728.txt,0
test_0729.txt,0
test_0730.txt,0
test_0731.txt,0
test_0732.txt,1
test_0733.txt,1
test_0734.txt,1
test_0735.txt,1
test_0736.txt,0
test_0737.txt,0
test_0738.txt,0
test_0739.txt,0
test_0740.txt,1
test_0741.txt,1
test_0742.txt,1
test_0743.txt,0
test_0744.txt,1
test_0745.txt,0
test_0746.txt,0
test_0747.txt,0
test_0748.txt,1
test_0749.txt,0
test_0750.txt,0
test_0751.txt,1
test_0752.txt,0
test_0753.txt,0
test_0754.txt,0
test_0755.txt,0
test_0756.txt,0
test_0757.txt,0
test_0758.txt,1
test_0759.txt,0
test_0760.txt,0
test_0761.txt,0
test_0762.txt,0
test_0763.txt,0
test_0764.txt,0
test_0765.txt,1
test_0766.txt,1
test_0767.txt,0
test_0768.txt,0
test_0769.txt,0
test_0770.txt,0
test_0771.txt,0
test_0772.txt,0
test_0773.txt,0
test_0774.txt,1
test_0775.txt,1
test_0776.txt,1
test_0777.txt,0
test_0778.txt,0
test_0779.txt,1
test_0780.txt,0
test_0781.txt,0
test_0782.txt,1
test_0783.txt,0
test_0784.txt,0
test_0785.txt,1
test_0786.txt,1
test_0787.txt,0
test_0788.txt,0
test_0789.txt,0
test_0790.txt,0
test_0791.txt,0
test_0792.txt,1
test_0793.txt,0
test_0794.txt,0
test_0795.txt,0
test_0796.txt,0
test_0797.txt,1
test_0798.txt,0
test_0799.txt,0
test_0800.txt,1
test_0801.txt,0
test_0802.txt,0
test_0803.txt,0
test_0804.txt,0
test_0805.txt,1
test_0806.txt,1
test_0807.txt,0
test_0808.txt,0
test_0809.txt,0
test_0810.txt,0
test_0811.txt,0
test_0812.txt,0
test_0813.txt,0
test_0814.txt,0
test_0815.txt,0
test_0816.txt,0
test_0817.txt,0
test_0818.txt,0
test_0819.txt,1
test_0820.txt,1
test_0821.txt,0
test_0822.txt,0
test_0823.txt,0
test_0824.txt,1
test_0825.txt,1
test_0826.txt,1
test_0827.txt,0
test_0828.txt,0
test_0829.txt,0
test_0830.txt,0
test_0831.txt,1
test_0832.txt,0
test_0833.txt,0
test_0834.txt,1
test_0835.txt,0
test_0836.txt,1
test_0837.txt,1
test_0838.txt,0
test_0839.txt,0
test_0840.txt,0
test_0841.txt,0
test_0842.txt,0
test_0843.txt,1
test_0844.txt,0
test_0845.txt,0
test_0846.txt,0
test_0847.txt,1
test_0848.txt,0
test_0849.txt,0
test_0850.txt,0
test_0851.txt,1
test_0852.txt,0
test_0853.txt,1
test_0854.txt,0
test_0855.txt,1
test_0856.txt,0
test_0857.txt,0
test_0858.txt,0
test_0859.txt,0
test_0860.txt,0
test_0861.txt,0
test_0862.txt,0
test_0863.txt,0
test_0864.txt,0
test_0865.txt,1
test_0866.txt,0
test_0867.txt,0
test_0868.txt,1
test_0869.txt,0
test_0870.txt,0
test_0871.txt,0
test_0872.txt,1
test_0873.txt,0
test_0874.txt,0
test_0875.txt,0
test_0876.txt,0
test_0877.txt,0
test_0878.txt,1
test_0879.txt,1
test_0880.txt,0
test_0881.txt,1
test_0882.txt,0
test_0883.txt,1
test_0884.txt,1
test_0885.txt,0
test_0886.txt,0
test_0887.txt,0
test_0888.txt,0
test_0889.txt,0
test_0890.txt,0
test_0891.txt,0
test_0892.txt,0
test_0893.txt,1
test_0894.txt,0
test_0895.txt,0
test_0896.txt,1
test_0897.txt,0
test_0898.txt,0
test_0899.txt,1
test_0900.txt,1
test_0901.txt,1
test_0902.txt,0
test_0903.txt,0
test_0904.txt,0
test_0905.txt,0
test_0906.txt,0
test_0907.txt,0
test_0908.txt,0
test_0909.txt,0
test_0910.txt,1
test_0911.txt,0
test_0912.txt,1
test_0913.txt,0
test_0914.txt,0
test_0915.txt,1
test_0916.txt,0
test_0917.txt,0
test_0918.txt,0
test_0919.txt,0
test_0920.txt,1
test_0921.txt,0
test_0922.txt,1
test_0923.txt,0
test_0924.txt,0
test_0925.txt,1
test_0926.txt,1
test_0927.txt,0
test_0928.txt,0
test_0929.txt,0
test_0930.txt,0
test_0931.txt,0
test_0932.txt,0
test_0933.txt,0
test_0934.txt,0
test_0935.txt,0
test_0936.txt,0
test_0937.txt,0
test_0938.txt,0
test_0939.txt,0
test_0940.txt,0
test_0941.txt,1
test_0942.txt,0
test_0943.txt,0
test_0944.txt,1
test_0945.txt,1
test_0946.txt,0
test_0947.txt,0
test_0948.txt,1
test_0949.txt,0
test_0950.txt,1
test_0951.txt,1
test_0952.txt,0
test_0953.txt,0
test_0954.txt,0
test_0955.txt,0
test_0956.txt,0
test_0957.txt,0
test_0958.txt,0
test_0959.txt,0
test_0960.txt,0
test_0961.txt,1
test_0962.txt,1
test_0963.txt,0
test_0964.txt,0
test_0965.txt,0
test_0966.txt,0
test_0967.txt,1
test_0968.txt,1
test_0969.txt,1
test_0970.txt,1
test_0971.txt,0
test_0972.txt,1
test_0973.txt,0
test_0974.txt,1
test_0975.txt,0
test_0976.txt,1
test_0977.txt,0
test_0978.txt,0
test_0979.txt,0
test_0980.txt,1
test_0981.txt,0
test_0982.txt,0
test_0983.txt,0
test_0984.txt,0
test_0985.txt,0
test_0986.txt,0
test_0987.txt,0
test_0988.txt,0
test_0989.txt,0
test_0990.txt,0
test_0991.txt,1
test_0992.txt,0
test_0993.txt,0
test_0994.txt,0
test_0995.txt,1
test_0996.txt,1
test_0997.txt,0
test_0998.txt,0
test_0999.txt,0
test_1000.txt,0
test_1001.txt,1
test_1002.txt,0
test_1003.txt,0
test_1004.txt,0
test_1005.txt,0
test_1006.txt,0
test_1007.txt,1
test_1008.txt,1
test_1009.txt,0
test_1010.txt,0
test_1011.txt,0
test_1012.txt,0
test_1013.txt,0
test_1014.txt,0
test_1015.txt,0
test_1016.txt,1
test_1017.txt,1
test_1018.txt,0
test_1019.txt,0
test_1020.txt,0
test_1021.txt,0
test_1022.txt,0
test_1023.txt,0
test_1024.txt,0
test_1025.txt,0
test_1026.txt,0
test_1027.txt,0
test_1028.txt,1
test_1029.txt,0
test_1030.txt,1
test_1031.txt,0
test_1032.txt,0
test_1033.txt,1
test_1034.txt,1
test_1035.txt,1
test_1036.txt,0
test_1037.txt,1
test_1038.txt,1
test_1039.txt,0
test_1040.txt,1
test_1041.txt,0
test_1042.txt,1
test_1043.txt,0
test_1044.txt,1
test_1045.txt,0
test_1046.txt,0
test_1047.txt,0
test_1048.txt,0
test_1049.txt,1
test_1050.txt,1
test_1051.txt,0
test_1052.txt,0
test_1053.txt,0
test_1054.txt,1
test_1055.txt,0
test_1056.txt,0
test_1057.txt,1
test_1058.txt,0
test_1059.txt,0
test_1060.txt,0
test_1061.txt,0
test_1062.txt,0
test_1063.txt,0
test_1064.txt,1
test_1065.txt,1
test_1066.txt,0
test_1067.txt,1
test_1068.txt,0
test_1069.txt,0
test_1070.txt,0
test_1071.txt,0
test_1072.txt,0
test_1073.txt,1
test_1074.txt,1
test_1075.txt,0
test_1076.txt,0
test_1077.txt,0
test_1078.txt,0
test_1079.txt,1
test_1080.txt,0
test_1081.txt,1
test_1082.txt,0
test_1083.txt,0
test_1084.txt,1
test_1085.txt,0
test_1086.txt,0
test_1087.txt,0
test_1088.txt,0
test_1089.txt,1
test_1090.txt,0
test_1091.txt,0
test_1092.txt,0
test_1093.txt,0
test_1094.txt,0
test_1095.txt,1
test_1096.txt,1
test_1097.txt,1
test_1098.txt,0
test_1099.txt,1
test_1100.txt,0
test_1101.txt,0
test_1102.txt,0
test_1103.txt,0
test_1104.txt,1
test_1105.txt,0
test_1106.txt,1
test_1107.txt,0
test_1108.txt,0
test_1109.txt,0
test_1110.txt,1
test_1111.txt,0
test_1112.txt,0
test_1113.txt,0
test_1114.txt,0
test_1115.txt,0
test_1116.txt,0
test_1117.txt,1
test_1118.txt,0
test_1119.txt,0
test_1120.txt,0
test_1121.txt,0
test_1122.txt,0
test_1123.txt,0
test_1124.txt,1
test_1125.txt,0
test_1126.txt,0
test_1127.txt,1
test_1128.txt,0
test_1129.txt,0
test_1130.txt,1
test_1131.txt,1
test_1132.txt,0
test_1133.txt,1
test_1134.txt,0
test_1135.txt,1
test_1136.txt,0
test_1137.txt,0
test_1138.txt,0
test_1139.txt,0
test_1140.txt,1
test_1141.txt,0
test_1142.txt,1
test_1143.txt,1
test_1144.txt,0
test_1145.txt,0
test_1146.txt,1
test_1147.txt,0
test_1148.txt,0
test_1149.txt,0
test_1150.txt,1
test_1151.txt,0
test_1152.txt,0
test_1153.txt,0
test_1154.txt,0
test_1155.txt,1
test_1156.txt,1
test_1157.txt,0
test_1158.txt,1
test_1159.txt,0
test_1160.txt,1
test_1161.txt,0
test_1162.txt,1
test_1163.txt,0
test_1164.txt,1
test_1165.txt,0
test_1166.txt,0
test_1167.txt,0
test_1168.txt,0
test_1169.txt,1
test_1170.txt,0
test_1171.txt,0
test_1172.txt,1
test_1173.txt,0
test_1174.txt,0
test_1175.txt,0
test_1176.txt,0
test_1177.txt,1
test_1178.txt,0
test_1179.txt,0
test_1180.txt,0
test_1181.txt,0
test_1182.txt,0
test_1183.txt,0
test_1184.txt,0
test_1185.txt,0
test_1186.txt,1
test_1187.txt,0
test_1188.txt,1
test_1189.txt,0
test_1190.txt,0
test_1191.txt,0
test_1192.txt,1
test_1193.txt,0
test_1194.txt,1
test_1195.txt,0
test_1196.txt,0
test_1197.txt,1
test_1198.txt,0
test_1199.txt,0
test_1200.txt,0
test_1201.txt,0
test_1202.txt,0
test_1203.txt,0
test_1204.txt,1
test_1205.txt,0
test_1206.txt,0
test_1207.txt,1
test_1208.txt,1
test_1209.txt,1
test_1210.txt,0
test_1211.txt,0
test_1212.txt,0
test_1213.txt,0
test_1214.txt,0
test_1215.txt,0
test_1216.txt,1
test_1217.txt,0
test_1218.txt,1
test_1219.txt,0
test_1220.txt,1
test_1221.txt,0
test_1222.txt,0
test_1223.txt,1
test_1224.txt,1
test_1225.txt,0
test_1226.txt,0
test_1227.txt,1
test_1228.txt,0
test_1229.txt,0
test_1230.txt,0
test_1231.txt,1
test_1232.txt,0
test_1233.txt,0
test_1234.txt,0
test_1235.txt,0
test_1236.txt,0
test_1237.txt,0
test_1238.txt,0
test_1239.txt,0
test_1240.txt,0
test_1241.txt,1
test_1242.txt,1
test_1243.txt,0
test_1244.txt,0
test_1245.txt,0
test_1246.txt,0
test_1247.txt,0
test_1248.txt,1
test_1249.txt,0
test_1250.txt,0
test_1251.txt,0
test_1252.txt,0
test_1253.txt,1
test_1254.txt,0
test_1255.txt,0
test_1256.txt,1
test_1257.txt,0
test_1258.txt,0
test_1259.txt,0
test_1260.txt,0
test_1261.txt,0
test_1262.txt,1
test_1263.txt,0
test_1264.txt,0
test_1265.txt,0
test_1266.txt,0
test_1267.txt,0
test_1268.txt,0
test_1269.txt,0
test_1270.txt,1
test_1271.txt,0
test_1272.txt,0
test_1273.txt,1
test_1274.txt,0
test_1275.txt,0
test_1276.txt,0
test_1277.txt,1
test_1278.txt,1
test_1279.txt,1
test_1280.txt,0
test_1281.txt,1
test_1282.txt,0
test_1283.txt,0
test_1284.txt,0
test_1285.txt,1
test_1286.txt,0
test_1287.txt,0
test_1288.txt,0
test_1289.txt,0
test_1290.txt,0
test_1291.txt,1
test_1292.txt,1
test_1293.txt,0
test_1294.txt,0
test_1295.txt,0
test_1296.txt,0
test_1297.txt,1
test_1298.txt,0
test_1299.txt,1
test_1300.txt,1
test_1301.txt,0
test_1302.txt,1
test_1303.txt,0
test_1304.txt,0
test_1305.txt,0
test_1306.txt,0
test_1307.txt,1
test_1308.txt,0
test_1309.txt,1
test_1310.txt,0
test_1311.txt,1
test_1312.txt,0
test_1313.txt,0
test_1314.txt,0
test_1315.txt,0
test_1316.txt,1
test_1317.txt,1
test_1318.txt,0
test_1319.txt,0
test_1320.txt,1
test_1321.txt,1
test_1322.txt,1
test_1323.txt,0
test_1324.txt,1
test_1325.txt,0
test_1326.txt,0
test_1327.txt,1
test_1328.txt,1
test_1329.txt,1
test_1330.txt,1
test_1331.txt,0
test_1332.txt,1
test_1333.txt,1
test_1334.txt,0
test_1335.txt,1
test_1336.txt,0
test_1337.txt,0
test_1338.txt,0
test_1339.txt,0
test_1340.txt,0
test_1341.txt,0
test_1342.txt,0
test_1343.txt,1
test_1344.txt,0
test_1345.txt,0
test_1346.txt,0
test_1347.txt,0
test_1348.txt,0
test_1349.txt,0
test_1350.txt,0
test_1351.txt,1
test_1352.txt,1
test_1353.txt,0
test_1354.txt,0
test_1355.txt,0
test_1356.txt,1
test_1357.txt,1
test_1358.txt,1
test_1359.txt,0
test_1360.txt,0
test_1361.txt,0
test_1362.txt,0
test_1363.txt,0
test_1364.txt,0
test_1365.txt,1
test_1366.txt,0
test_1367.txt,0
test_1368.txt,0
test_1369.txt,0
test_1370.txt,1
test_1371.txt,1
test_1372.txt,0
test_1373.txt,0
test_1374.txt,1
test_1375.txt,1
test_1376.txt,1
test_1377.txt,0
test_1378.txt,0
test_1379.txt,0
test_1380.txt,0
test_1381.txt,0
test_1382.txt,0
test_1383.txt,1
test_1384.txt,1
test_1385.txt,0
test_1386.txt,0
test_1387.txt,0
test_1388.txt,0
test_1389.txt,1
test_1390.txt,0
test_1391.txt,0
test_1392.txt,1
test_1393.txt,0
test_1394.txt,0
test_1395.txt,0
test_1396.txt,0
test_1397.txt,0
test_1398.txt,0
test_1399.txt,1
test_1400.txt,1
test_1401.txt,0
test_1402.txt,0
test_1403.txt,0
test_1404.txt,0
test_1405.txt,0
test_1406.txt,1
test_1407.txt,0
test_1408.txt,1
test_1409.txt,0
test_1410.txt,0
test_1411.txt,0
test_1412.txt,1
test_1413.txt,0
test_1414.txt,0
test_1415.txt,0
test_1416.txt,0
test_1417.txt,0
test_1418.txt,0
test_1419.txt,0
test_1420.txt,0
test_1421.txt,1
test_1422.txt,0
test_1423.txt,1
test_1424.txt,0
test_1425.txt,0
test_1426.txt,0
test_1427.txt,1
test_1428.txt,0
test_1429.txt,1
test_1430.txt,0
test_1431.txt,1
test_1432.txt,0
test_1433.txt,0
test_1434.txt,0
test_1435.txt,1
test_1436.txt,0
test_1437.txt,1
test_1438.txt,0
test_1439.txt,1
test_1440.txt,0
test_1441.txt,0
test_1442.txt,0
test_1443.txt,0
test_1444.txt,0
test_1445.txt,0
test_1446.txt,0
test_1447.txt,0
test_1448.txt,1
test_1449.txt,0
test_1450.txt,0
test_1451.txt,0
test_1452.txt,1
test_1453.txt,0
test_1454.txt,1
test_1455.txt,0
test_1456.txt,0
test_1457.txt,0
test_1458.txt,0
test_1459.txt,0
test_1460.txt,1
test_1461.txt,0
test_1462.txt,1
test_1463.txt,0
test_1464.txt,0
test_1465.txt,0
test_1466.txt,0
test_1467.txt,1
test_1468.txt,0
test_1469.txt,0
test_1470.txt,1
test_1471.txt,0
test_1472.txt,0
test_1473.txt,0
test_1474.txt,0
test_1475.txt,1
test_1476.txt,0
test_1477.txt,0
test_1478.txt,0
test_1479.txt,0
test_1480.txt,1
test_1481.txt,0
test_1482.txt,0
test_1483.txt,0
test_1484.txt,0
test_1485.txt,1
test_1486.txt,0
test_1487.txt,0
test_1488.txt,0
test_1489.txt,0
test_1490.txt,0
test_1491.txt,0
test_1492.txt,1
test_1493.txt,0
test_1494.txt,0
test_1495.txt,1
test_1496.txt,1
test_1497.txt,0
test_1498.txt,0
test_1499.txt,0
test_1500.txt,0
test_1501.txt,0
test_1502.txt,0
test_1503.txt,0
test_1504.txt,0
test_1505.txt,0
test_1506.txt,0
test_1507.txt,0
test_1508.txt,0
test_1509.txt,1
test_1510.txt,1
test_1511.txt,0
test_1512.txt,1
test_1513.txt,0
test_1514.txt,0
test_1515.txt,1
test_1516.txt,1
test_1517.txt,1
test_1518.txt,1
test_1519.txt,0
test_1520.txt,1
test_1521.txt,1
test_1522.txt,0
test_1523.txt,0
test_1524.txt,1
test_1525.txt,0
test_1526.txt,1
test_1527.txt,0
test_1528.txt,0
test_1529.txt,0
test_1530.txt,0
test_1531.txt,0
test_1532.txt,0
test_1533.txt,0
test_1534.txt,0
test_1535.txt,1
test_1536.txt,0
test_1537.txt,1
test_1538.txt,0
test_1539.txt,0
test_1540.txt,1
test_1541.txt,1
test_1542.txt,1
test_1543.txt,0
test_1544.txt,0
test_1545.txt,0
test_1546.txt,1
test_1547.txt,0
test_1548.txt,0
test_1549.txt,0
test_1550.txt,1
test_1551.txt,1
test_1552.txt,0
test_1553.txt,0
test_1554.txt,1
test_1555.txt,0
test_1556.txt,1
test_1557.txt,0
test_1558.txt,0
test_1559.txt,0
test_1560.txt,1
test_1561.txt,0
test_1562.txt,0
test_1563.txt,0
test_1564.txt,1
test_1565.txt,0
test_1566.txt,0
test_1567.txt,1
test_1568.txt,0
test_1569.txt,0
test_1570.txt,0
test_1571.txt,0
test_1572.txt,0
test_1573.txt,1
test_1574.txt,0
test_1575.txt,1
test_1576.txt,0
test_1577.txt,0
test_1578.txt,0
test_1579.txt,0
test_1580.txt,0
test_1581.txt,0
test_1582.txt,0
test_1583.txt,0
test_1584.txt,0
test_1585.txt,0
test_1586.txt,1
test_1587.txt,1
test_1588.txt,0
test_1589.txt,1
test_1590.txt,1
test_1591.txt,0
test_1592.txt,0
test_1593.txt,0
test_1594.txt,0
test_1595.txt,0
test_1596.txt,0
test_1597.txt,1
test_1598.txt,1
test_1599.txt,0
test_1600.txt,0
test_1601.txt,1
test_1602.txt,1
test_1603.txt,0
test_1604.txt,0
test_1605.txt,1
test_1606.txt,0
test_1607.txt,0
test_1608.txt,1
test_1609.txt,1
test_1610.txt,1
test_1611.txt,1
test_1612.txt,0
test_1613.txt,0
test_1614.txt,1
test_1615.txt,0
test_1616.txt,0
test_1617.txt,0
test_1618.txt,0
test_1619.txt,1
test_1620.txt,0
test_1621.txt,0
test_1622.txt,0
test_1623.txt,0
test_1624.txt,0
test_1625.txt,0
test_1626.txt,1
test_1627.txt,1
test_1628.txt,0
test_1629.txt,0
test_1630.txt,1
test_1631.txt,0
test_1632.txt,0
test_1633.txt,0
test_1634.txt,0
test_1635.txt,0
test_1636.txt,1
test_1637.txt,0
test_1638.txt,0
test_1639.txt,1
test_1640.txt,1
test_1641.txt,1
test_1642.txt,0
test_1643.txt,0
test_1644.txt,0
test_1645.txt,0
test_1646.txt,0
test_1647.txt,1
test_1648.txt,1
test_1649.txt,0
test_1650.txt,0
test_1651.txt,0
test_1652.txt,1
test_1653.txt,0
test_1654.txt,0
test_1655.txt,0
test_1656.txt,1
test_1657.txt,1
test_1658.txt,1
test_1659.txt,1
test_1660.txt,0
test_1661.txt,0
test_1662.txt,0
test_1663.txt,0
test_1664.txt,0
test_1665.txt,1
test_1666.txt,0
test_1667.txt,0
test_1668.txt,0
test_1669.txt,0
test_1670.txt,1
test_1671.txt,0
test_1672.txt,0
test_1673.txt,0
test_1674.txt,0
test_1675.txt,0
test_1676.txt,0
test_1677.txt,0
test_1678.txt,1
test_1679.txt,0
test_1680.txt,0
test_1681.txt,0
test_1682.txt,0
test_1683.txt,0
test_1684.txt,0
test_1685.txt,1
test_1686.txt,0
test_1687.txt,0
test_1688.txt,0
test_1689.txt,0
test_1690.txt,0
test_1691.txt,1
test_1692.txt,1
test_1693.txt,0
test_1694.txt,1
test_1695.txt,0
test_1696.txt,0
test_1697.txt,1
test_1698.txt,0
test_1699.txt,0
test_1700.txt,0
test_1701.txt,1
test_1702.txt,0
test_1703.txt,0
test_1704.txt,0
test_1705.txt,0
test_1706.txt,0
test_1707.txt,0
test_1708.txt,1
test_1709.txt,0
test_1710.txt,1
test_1711.txt,0
test_1712.txt,0
test_1713.txt,0
test_1714.txt,0
test_1715.txt,0
test_1716.txt,1
test_1717.txt,0
test_1718.txt,0
test_1719.txt,0
test_1720.txt,1
test_1721.txt,1
test_1722.txt,0
test_1723.txt,0
test_1724.txt,0
test_1725.txt,0
test_1726.txt,0
test_1727.txt,1
test_1728.txt,0
test_1729.txt,0
test_1730.txt,0
test_1731.txt,0
test_1732.txt,0
test_1733.txt,0
test_1734.txt,1
test_1735.txt,0
test_1736.txt,0
test_1737.txt,0
test_1738.txt,1
test_1739.txt,0
test_1740.txt,0
test_1741.txt,1
test_1742.txt,0
test_1743.txt,0
test_1744.txt,0
test_1745.txt,0
test_1746.txt,0
test_1747.txt,0
test_1748.txt,1
test_1749.txt,0
test_1750.txt,0
test_1751.txt,1
test_1752.txt,1
test_1753.txt,1
test_1754.txt,1
test_1755.txt,0
test_1756.txt,0
test_1757.txt,0
test_1758.txt,1
test_1759.txt,0
test_1760.txt,0
test_1761.txt,1
test_1762.txt,0
test_1763.txt,1
test_1764.txt,0
test_1765.txt,0
test_1766.txt,0
test_1767.txt,0
test_1768.txt,0
test_1769.txt,1
test_1770.txt,0
test_1771.txt,1
test_1772.txt,1
test_1773.txt,0
test_1774.txt,0
test_1775.txt,1
test_1776.txt,0
test_1777.txt,0
test_1778.txt,1
test_1779.txt,0
test_1780.txt,1
test_1781.txt,0
test_1782.txt,0
test_1783.txt,1
test_1784.txt,1
test_1785.txt,0
test_1786.txt,0
test_1787.txt,0
test_1788.txt,0
test_1789.txt,0
test_1790.txt,0
test_1791.txt,1
test_1792.txt,0
test_1793.txt,0
test_1794.txt,0
test_1795.txt,0
test_1796.txt,0
test_1797.txt,0
test_1798.txt,0
test_1799.txt,0
test_1800.txt,1
test_1801.txt,0
test_1802.txt,0
test_1803.txt,1
test_1804.txt,0
test_1805.txt,0
test_1806.txt,0
test_1807.txt,1
test_1808.txt,0
test_1809.txt,0
test_1810.txt,0
test_1811.txt,1
test_1812.txt,1
test_1813.txt,0
test_1814.txt,0
test_1815.txt,0
test_1816.txt,1
test_1817.txt,1
test_1818.txt,0
test_1819.txt,0
test_1820.txt,1
test_1821.txt,0
test_1822.txt,0
test_1823.txt,1
test_1824.txt,1
test_1825.txt,1
test_1826.txt,0
test_1827.txt,0
test_1828.txt,0
test_1829.txt,0
test_1830.txt,1
test_1831.txt,0
test_1832.txt,0
test_1833.txt,0
test_1834.txt,1
test_1835.txt,0
test_1836.txt,0
test_1837.txt,0
test_1838.txt,0
test_1839.txt,1
test_1840.txt,0
test_1841.txt,0
test_1842.txt,0
test_1843.txt,1
test_1844.txt,0
test_1845.txt,1
test_1846.txt,0
test_1847.txt,1
test_1848.txt,0
test_1849.txt,0
test_1850.txt,1
test_1851.txt,0
test_1852.txt,0
test_1853.txt,0
test_1854.txt,0
test_1855.txt,0
test_1856.txt,1
test_1857.txt,1
test_1858.txt,1
test_1859.txt,0
test_1860.txt,1
test_1861.txt,0
test_1862.txt,0
test_1863.txt,1
test_1864.txt,1
test_1865.txt,0
test_1866.txt,0
test_1867.txt,0
test_1868.txt,0
test_1869.txt,0
test_1870.txt,0
test_1871.txt,0
test_1872.txt,1
test_1873.txt,0
test_1874.txt,1
test_1875.txt,1
test_1876.txt,0
test_1877.txt,0
test_1878.txt,0
test_1879.txt,0
test_1880.txt,0
test_1881.txt,0
test_1882.txt,1
test_1883.txt,1
test_1884.txt,0
test_1885.txt,0
test_1886.txt,1
test_1887.txt,0
test_1888.txt,1
test_1889.txt,0
test_1890.txt,0
test_1891.txt,0
test_1892.txt,0
test_1893.txt,1
test_1894.txt,1
test_1895.txt,0
test_1896.txt,1
test_1897.txt,0
test_1898.txt,0
test_1899.txt,1
test_1900.txt,0
test_1901.txt,1
test_1902.txt,1
test_1903.txt,0
test_1904.txt,0
test_1905.txt,0
test_1906.txt,0
test_1907.txt,1
test_1908.txt,1
test_1909.txt,1
test_1910.txt,0
test_1911.txt,0
test_1912.txt,0
test_1913.txt,1
test_1914.txt,0
test_1915.txt,0
test_1916.txt,0
test_1917.txt,0
test_1918.txt,0
test_1919.txt,0
test_1920.txt,0
test_1921.txt,0
test_1922.txt,0
test_1923.txt,0
test_1924.txt,0
test_1925.txt,0
test_1926.txt,0
test_1927.txt,0
test_1928.txt,0
test_1929.txt,1
test_1930.txt,0
test_1931.txt,0
test_1932.txt,1
test_1933.txt,1
test_1934.txt,1
test_1935.txt,1
test_1936.txt,0
test_1937.txt,0
test_1938.txt,0
test_1939.txt,0
test_1940.txt,0
test_1941.txt,0
test_1942.txt,0
test_1943.txt,0
test_1944.txt,0
test_1945.txt,1
test_1946.txt,0
test_1947.txt,0
test_1948.txt,0
test_1949.txt,0
test_1950.txt,1
test_1951.txt,1
test_1952.txt,0
test_1953.txt,0
test_1954.txt,0
test_1955.txt,1
test_1956.txt,0
test_1957.txt,1
test_1958.txt,0
test_1959.txt,0
test_1960.txt,1
test_1961.txt,0
test_1962.txt,1
test_1963.txt,0
test_1964.txt,1
test_1965.txt,0
test_1966.txt,0
test_1967.txt,1
test_1968.txt,1
test_1969.txt,0
test_1970.txt,0
test_1971.txt,0
test_1972.txt,0
test_1973.txt,1
test_1974.txt,1
test_1975.txt,1
test_1976.txt,0
test_1977.txt,0
test_1978.txt,0
test_1979.txt,0
test_1980.txt,1
test_1981.txt,0
test_1982.txt,0
test_1983.txt,0
test_1984.txt,0
test_1985.txt,0
test_1986.txt,0
test_1987.txt,0
test_1988.txt,0
test_1989.txt,0
test_1990.txt,0
test_1991.txt,1
test_1992.txt,0
test_1993.txt,1
test_1994.txt,0
test_1995.txt,0
test_1996.txt,1
test_1997.txt,0
test_1998.txt,0
test_1999.txt,1
test_2000.txt,0
test_2001.txt,0
test_2002.txt,0
test_2003.txt,0
test_2004.txt,0
test_2005.txt,0
test_2006.txt,0
test_2007.txt,0
test_2008.txt,1
test_2009.txt,1
test_2010.txt,1
test_2011.txt,1
test_2012.txt,0
test_2013.txt,0
test_2014.txt,0
test_2015.txt,0
test_2016.txt,0
test_2017.txt,0
test_2018.txt,1
test_2019.txt,0
test_2020.txt,0
test_2021.txt,0
test_2022.txt,0
test_2023.txt,1
test_2024.txt,0
test_2025.txt,0
test_2026.txt,0
test_2027.txt,0
test_2028.txt,0
test_2029.txt,0
test_2030.txt,0
test_2031.txt,0
test_2032.txt,0
test_2033.txt,1
test_2034.txt,0
test_2035.txt,0
test_2036.txt,0
test_2037.txt,0
test_2038.txt,0
test_2039.txt,0
test_2040.txt,0
test_2041.txt,0
test_2042.txt,1
test_2043.txt,0
test_2044.txt,1
test_2045.txt,0
test_2046.txt,0
test_2047.txt,0
test_2048.txt,1
test_2049.txt,0
test_2050.txt,0
test_2051.txt,0
test_2052.txt,0
test_2053.txt,0
test_2054.txt,0
test_2055.txt,0
test_2056.txt,1
test_2057.txt,0
test_2058.txt,0
test_2059.txt,1
test_2060.txt,0
test_2061.txt,1
test_2062.txt,0
test_2063.txt,0
test_2064.txt,0
test_2065.txt,1
test_2066.txt,1
test_2067.txt,0
test_2068.txt,0
test_2069.txt,1
test_2070.txt,0
test_2071.txt,0
test_2072.txt,1
test_2073.txt,1
test_2074.txt,0
test_2075.txt,0
test_2076.txt,0
test_2077.txt,0
test_2078.txt,0
test_2079.txt,0
test_2080.txt,0
test_2081.txt,0
test_2082.txt,1
test_2083.txt,0
test_2084.txt,0
test_2085.txt,0
test_2086.txt,0
test_2087.txt,0
test_2088.txt,0
test_2089.txt,0
test_2090.txt,1
test_2091.txt,0
test_2092.txt,0
test_2093.txt,0
test_2094.txt,1
test_2095.txt,0
test_2096.txt,0
test_2097.txt,1
test_2098.txt,1
test_2099.txt,0
test_2100.txt,0
test_2101.txt,0
test_2102.txt,0
test_2103.txt,1
test_2104.txt,1
test_2105.txt,1
test_2106.txt,1
test_2107.txt,0
test_2108.txt,0
test_2109.txt,1
test_2110.txt,0
test_2111.txt,0
test_2112.txt,0
test_2113.txt,0
test_2114.txt,1
test_2115.txt,0
test_2116.txt,1
test_2117.txt,1
test_2118.txt,0
test_2119.txt,1
test_2120.txt,0
test_2121.txt,0
test_2122.txt,0
test_2123.txt,0
test_2124.txt,0
test_2125.txt,0
test_2126.txt,0
test_2127.txt,0
test_2128.txt,0
test_2129.txt,0
test_2130.txt,0
test_2131.txt,1
test_2132.txt,0
test_2133.txt,0
test_2134.txt,0
test_2135.txt,0
test_2136.txt,0
test_2137.txt,0
test_2138.txt,1
test_2139.txt,1
test_2140.txt,0
test_2141.txt,0
test_2142.txt,1
test_2143.txt,0
test_2144.txt,0
test_2145.txt,0
test_2146.txt,1
test_2147.txt,1
test_2148.txt,0
test_2149.txt,1
test_2150.txt,0
test_2151.txt,0
test_2152.txt,0
test_2153.txt,0
test_2154.txt,0
test_2155.txt,1
test_2156.txt,1
test_2157.txt,0
test_2158.txt,0
test_2159.txt,1
test_2160.txt,0
test_2161.txt,0
test_2162.txt,1
test_2163.txt,0
test_2164.txt,0
test_2165.txt,0
test_2166.txt,0
test_2167.txt,0
test_2168.txt,0
test_2169.txt,0
test_2170.txt,0
test_2171.txt,1
test_2172.txt,0
test_2173.txt,0
test_2174.txt,1
test_2175.txt,0
test_2176.txt,0
test_2177.txt,0
test_2178.txt,0
test_2179.txt,0
test_2180.txt,1
test_2181.txt,1
test_2182.txt,1
test_2183.txt,1
test_2184.txt,1
test_2185.txt,0
test_2186.txt,0
test_2187.txt,0
test_2188.txt,0
test_2189.txt,0
test_2190.txt,0
test_2191.txt,1
test_2192.txt,0
test_2193.txt,0
test_2194.txt,0
test_2195.txt,1
test_2196.txt,1
test_2197.txt,0
test_2198.txt,1
test_2199.txt,0
test_2200.txt,0
test_2201.txt,1
test_2202.txt,0
test_2203.txt,0
test_2204.txt,0
test_2205.txt,0
test_2206.txt,0
test_2207.txt,0
test_2208.txt,1
test_2209.txt,0
test_2210.txt,0
test_2211.txt,1
test_2212.txt,0
test_2213.txt,0
test_2214.txt,1
test_2215.txt,1
test_2216.txt,0
test_2217.txt,0
test_2218.txt,1
test_2219.txt,0
test_2220.txt,0
test_2221.txt,0
test_2222.txt,0
test_2223.txt,0
test_2224.txt,1
test_2225.txt,0
test_2226.txt,1
test_2227.txt,0
test_2228.txt,0
test_2229.txt,0
test_2230.txt,0
test_2231.txt,1
test_2232.txt,0
test_2233.txt,1
test_2234.txt,0
test_2235.txt,1
test_2236.txt,0
test_2237.txt,1
test_2238.txt,0
test_2239.txt,1
test_2240.txt,0
test_2241.txt,0
test_2242.txt,0
test_2243.txt,0
test_2244.txt,0
test_2245.txt,1
test_2246.txt,1
test_2247.txt,0
test_2248.txt,0
test_2249.txt,1
test_2250.txt,0
test_2251.txt,0
test_2252.txt,0
test_2253.txt,0
test_2254.txt,0
test_2255.txt,0
test_2256.txt,0
test_2257.txt,0
test_2258.txt,0
test_2259.txt,0
test_2260.txt,0
test_2261.txt,1
test_2262.txt,1
test_2263.txt,0
test_2264.txt,0
test_2265.txt,0
test_2266.txt,0
test_2267.txt,0
test_2268.txt,1
test_2269.txt,1
test_2270.txt,0
test_2271.txt,0
test_2272.txt,0
test_2273.txt,0
test_2274.txt,0
test_2275.txt,0
test_2276.txt,0
test_2277.txt,1
test_2278.txt,0
test_2279.txt,1
test_2280.txt,0
test_2281.txt,1
test_2282.txt,0
test_2283.txt,1
test_2284.txt,1
test_2285.txt,1
test_2286.txt,0
test_2287.txt,0
test_2288.txt,1
test_2289.txt,0
test_2290.txt,1
test_2291.txt,0
test_2292.txt,1
test_2293.txt,1
test_2294.txt,0
test_2295.txt,0
test_2296.txt,1
test_2297.txt,0
test_2298.txt,0
test_2299.txt,0
test_2300.txt,0
test_2301.txt,0
test_2302.txt,1
test_2303.txt,0
test_2304.txt,1
test_2305.txt,0
test_2306.txt,0
test_2307.txt,1
test_2308.txt,1
test_2309.txt,0
test_2310.txt,0
test_2311.txt,1
test_2312.txt,0
test_2313.txt,0
test_2314.txt,0
test_2315.txt,0
test_2316.txt,0
test_2317.txt,0
test_2318.txt,0
test_2319.txt,0
test_2320.txt,0
test_2321.txt,0
test_2322.txt,1
test_2323.txt,0
test_2324.txt,0
test_2325.txt,0
test_2326.txt,0
test_2327.txt,0
test_2328.txt,0
test_2329.txt,0
test_2330.txt,0
test_2331.txt,0
test_2332.txt,0
test_2333.txt,1
test_2334.txt,0
test_2335.txt,1
test_2336.txt,0
test_2337.txt,0
test_2338.txt,0
test_2339.txt,0
test_2340.txt,1
test_2341.txt,0
test_2342.txt,0
test_2343.txt,0
test_2344.txt,0
test_2345.txt,0
test_2346.txt,0
test_2347.txt,0
test_2348.txt,0
test_2349.txt,0
test_2350.txt,1
test_2351.txt,0
test_2352.txt,0
test_2353.txt,1
test_2354.txt,0
test_2355.txt,0
test_2356.txt,0
test_2357.txt,0
test_2358.txt,0
test_2359.txt,0
test_2360.txt,0
test_2361.txt,1
test_2362.txt,0
test_2363.txt,0
test_2364.txt,0
test_2365.txt,1
test_2366.txt,1
test_2367.txt,0
test_2368.txt,1
test_2369.txt,0
test_2370.txt,1
test_2371.txt,0
test_2372.txt,0
test_2373.txt,0
test_2374.txt,0
test_2375.txt,0
test_2376.txt,1
test_2377.txt,0
test_2378.txt,1
test_2379.txt,1
test_2380.txt,0
test_2381.txt,0
test_2382.txt,0
test_2383.txt,0
test_2384.txt,0
test_2385.txt,1
test_2386.txt,0
test_2387.txt,0
test_2388.txt,0
test_2389.txt,0
test_2390.txt,0
test_2391.txt,0
test_2392.txt,0
test_2393.txt,0
test_2394.txt,0
test_2395.txt,1
test_2396.txt,0
test_2397.txt,0
test_2398.txt,0
test_2399.txt,0
test_2400.txt,0
test_2401.txt,0
test_2402.txt,1
test_2403.txt,1
test_2404.txt,0
test_2405.txt,1
test_2406.txt,0
test_2407.txt,0
test_2408.txt,0
test_2409.txt,0
test_2410.txt,0
test_2411.txt,1
test_2412.txt,1
test_2413.txt,0
test_2414.txt,1
test_2415.txt,0
test_2416.txt,1
test_2417.txt,0
test_2418.txt,0
test_2419.txt,0
test_2420.txt,0
test_2421.txt,0
test_2422.txt,1
test_2423.txt,0
test_2424.txt,1
test_2425.txt,0
test_2426.txt,1
test_2427.txt,1
test_2428.txt,0
test_2429.txt,0
test_2430.txt,1
test_2431.txt,0
test_2432.txt,0
test_2433.txt,1
test_2434.txt,1
test_2435.txt,0
test_2436.txt,0
test_2437.txt,0
test_2438.txt,1
test_2439.txt,0
test_2440.txt,0
test_2441.txt,0
test_2442.txt,0
test_2443.txt,0
test_2444.txt,0
test_2445.txt,0
test_2446.txt,0
test_2447.txt,0
test_2448.txt,0
test_2449.txt,0
test_2450.txt,0
test_2451.txt,0
test_2452.txt,0
test_2453.txt,0
test_2454.txt,1
test_2455.txt,1
test_2456.txt,0
test_2457.txt,0
test_2458.txt,0
test_2459.txt,0
test_2460.txt,0
test_2461.txt,0
test_2462.txt,0
test_2463.txt,0
test_2464.txt,1
test_2465.txt,0
test_2466.txt,0
test_2467.txt,1
test_2468.txt,0
test_2469.txt,0
test_2470.txt,0
test_2471.txt,1
test_2472.txt,0
test_2473.txt,1
test_2474.txt,0
test_2475.txt,0
test_2476.txt,0
test_2477.txt,0
test_2478.txt,1
test_2479.txt,0
test_2480.txt,0
test_2481.txt,0
test_2482.txt,0
test_2483.txt,0
test_2484.txt,1
test_2485.txt,0
test_2486.txt,0
test_2487.txt,0
test_2488.txt,1
test_2489.txt,1
test_2490.txt,0
test_2491.txt,0
test_2492.txt,1
test_2493.txt,0
test_2494.txt,1
test_2495.txt,0
test_2496.txt,1
test_2497.txt,1
test_2498.txt,0
test_2499.txt,0
test_2500.txt,1
test_2501.txt,0
test_2502.txt,0
test_2503.txt,0
test_2504.txt,0
test_2505.txt,0
test_2506.txt,0
test_2507.txt,1
test_2508.txt,1
test_2509.txt,0
test_2510.txt,0
test_2511.txt,0
test_2512.txt,0
test_2513.txt,0
test_2514.txt,0
test_2515.txt,0
test_2516.txt,1
test_2517.txt,0
test_2518.txt,1
test_2519.txt,1
test_2520.txt,0
test_2521.txt,1
test_2522.txt,0
test_2523.txt,0
test_2524.txt,0
test_2525.txt,0
test_2526.txt,0
test_2527.txt,1
test_2528.txt,0
test_2529.txt,0
test_2530.txt,0
test_2531.txt,0
test_2532.txt,0
test_2533.txt,0
test_2534.txt,0
test_2535.txt,0
test_2536.txt,1
test_2537.txt,0
test_2538.txt,0
test_2539.txt,0
test_2540.txt,0
test_2541.txt,0
test_2542.txt,0
test_2543.txt,0
test_2544.txt,0
test_2545.txt,0
test_2546.txt,0
test_2547.txt,0
test_2548.txt,0
test_2549.txt,0
test_2550.txt,0
test_2551.txt,1
test_2552.txt,0
test_2553.txt,1
test_2554.txt,0
test_2555.txt,0
test_2556.txt,0
test_2557.txt,0
test_2558.txt,0
test_2559.txt,1
test_2560.txt,0
test_2561.txt,1
test_2562.txt,0
test_2563.txt,1
test_2564.txt,0
test_2565.txt,0
test_2566.txt,0
test_2567.txt,0
test_2568.txt,0
test_2569.txt,0
test_2570.txt,0
test_2571.txt,1
test_2572.txt,0
test_2573.txt,0
test_2574.txt,0
test_2575.txt,1
test_2576.txt,0
test_2577.txt,1
test_2578.txt,0
test_2579.txt,0
test_2580.txt,0
test_2581.txt,1
test_2582.txt,0
test_2583.txt,0
test_2584.txt,0
test_2585.txt,0
